fx_month,base_currency,target_currency,fx_rate,source_note
2016-09-01,BRL,USD,0.30709028,Banco Central do Brasil PTAX monthly average closing sell rate; source quote BRL per USD inverted to BRL-to-USD
2016-09-01,BRL,EUR,0.27382578,Banco Central do Brasil PTAX monthly average closing sell rate; source quote BRL per EUR inverted to BRL-to-EUR
2016-10-01,BRL,USD,0.31388847,Banco Central do Brasil PTAX monthly average closing sell rate; source quote BRL per USD inverted to BRL-to-USD
2016-10-01,BRL,EUR,0.28484997,Banco Central do Brasil PTAX monthly average closing sell rate; source quote BRL per EUR inverted to BRL-to-EUR
2016-11-01,BRL,USD,0.29921934,Banco Central do Brasil PTAX monthly average closing sell rate; source quote BRL per USD inverted to BRL-to-USD
2016-11-01,BRL,EUR,0.27777585,Banco Central do Brasil PTAX monthly average closing sell rate; source quote BRL per EUR inverted to BRL-to-EUR
2016-12-01,BRL,USD,0.29830549,Banco Central do Brasil PTAX monthly average closing sell rate; source quote BRL per USD inverted to BRL-to-USD
2016-12-01,BRL,EUR,0.28301863,Banco Central do Brasil PTAX monthly average closing sell rate; source quote BRL per EUR inverted to BRL-to-EUR
2017-01-01,BRL,USD,0.31283149,Banco Central do Brasil PTAX monthly average closing sell rate; source quote BRL per USD inverted to BRL-to-USD
2017-01-01,BRL,EUR,0.29459972,Banco Central do Brasil PTAX monthly average closing sell rate; source quote BRL per EUR inverted to BRL-to-EUR
2017-02-01,BRL,USD,0.32214477,Banco Central do Brasil PTAX monthly average closing sell rate; source quote BRL per USD inverted to BRL-to-USD
2017-02-01,BRL,EUR,0.30247678,Banco Central do Brasil PTAX monthly average closing sell rate; source quote BRL per EUR inverted to BRL-to-EUR
2017-03-01,BRL,USD,0.3197002,Banco Central do Brasil PTAX monthly average closing sell rate; source quote BRL per USD inverted to BRL-to-USD
2017-03-01,BRL,EUR,0.2989797,Banco Central do Brasil PTAX monthly average closing sell rate; source quote BRL per EUR inverted to BRL-to-EUR
2017-04-01,BRL,USD,0.31886004,Banco Central do Brasil PTAX monthly average closing sell rate; source quote BRL per USD inverted to BRL-to-USD
2017-04-01,BRL,EUR,0.29740956,Banco Central do Brasil PTAX monthly average closing sell rate; source quote BRL per EUR inverted to BRL-to-EUR
2017-05-01,BRL,USD,0.31157413,Banco Central do Brasil PTAX monthly average closing sell rate; source quote BRL per USD inverted to BRL-to-USD
2017-05-01,BRL,EUR,0.28159063,Banco Central do Brasil PTAX monthly average closing sell rate; source quote BRL per EUR inverted to BRL-to-EUR
2017-06-01,BRL,USD,0.30345637,Banco Central do Brasil PTAX monthly average closing sell rate; source quote BRL per USD inverted to BRL-to-USD
2017-06-01,BRL,EUR,0.27000825,Banco Central do Brasil PTAX monthly average closing sell rate; source quote BRL per EUR inverted to BRL-to-EUR
2017-07-01,BRL,USD,0.31190172,Banco Central do Brasil PTAX monthly average closing sell rate; source quote BRL per USD inverted to BRL-to-USD
2017-07-01,BRL,EUR,0.27075044,Banco Central do Brasil PTAX monthly average closing sell rate; source quote BRL per EUR inverted to BRL-to-EUR
2017-08-01,BRL,USD,0.31736789,Banco Central do Brasil PTAX monthly average closing sell rate; source quote BRL per USD inverted to BRL-to-USD
2017-08-01,BRL,EUR,0.26863761,Banco Central do Brasil PTAX monthly average closing sell rate; source quote BRL per EUR inverted to BRL-to-EUR
2017-09-01,BRL,USD,0.31900063,Banco Central do Brasil PTAX monthly average closing sell rate; source quote BRL per USD inverted to BRL-to-USD
2017-09-01,BRL,EUR,0.26788429,Banco Central do Brasil PTAX monthly average closing sell rate; source quote BRL per EUR inverted to BRL-to-EUR
2017-10-01,BRL,USD,0.31335894,Banco Central do Brasil PTAX monthly average closing sell rate; source quote BRL per USD inverted to BRL-to-USD
2017-10-01,BRL,EUR,0.26666497,Banco Central do Brasil PTAX monthly average closing sell rate; source quote BRL per EUR inverted to BRL-to-EUR
2017-11-01,BRL,USD,0.30680682,Banco Central do Brasil PTAX monthly average closing sell rate; source quote BRL per USD inverted to BRL-to-USD
2017-11-01,BRL,EUR,0.26123336,Banco Central do Brasil PTAX monthly average closing sell rate; source quote BRL per EUR inverted to BRL-to-EUR
2017-12-01,BRL,USD,0.30377455,Banco Central do Brasil PTAX monthly average closing sell rate; source quote BRL per USD inverted to BRL-to-USD
2017-12-01,BRL,EUR,0.25666989,Banco Central do Brasil PTAX monthly average closing sell rate; source quote BRL per EUR inverted to BRL-to-EUR
2018-01-01,BRL,USD,0.31146738,Banco Central do Brasil PTAX monthly average closing sell rate; source quote BRL per USD inverted to BRL-to-USD
2018-01-01,BRL,EUR,0.2551843,Banco Central do Brasil PTAX monthly average closing sell rate; source quote BRL per EUR inverted to BRL-to-EUR
2018-02-01,BRL,USD,0.30849915,Banco Central do Brasil PTAX monthly average closing sell rate; source quote BRL per USD inverted to BRL-to-USD
2018-02-01,BRL,EUR,0.24985252,Banco Central do Brasil PTAX monthly average closing sell rate; source quote BRL per EUR inverted to BRL-to-EUR
2018-03-01,BRL,USD,0.3049511,Banco Central do Brasil PTAX monthly average closing sell rate; source quote BRL per USD inverted to BRL-to-USD
2018-03-01,BRL,EUR,0.247261,Banco Central do Brasil PTAX monthly average closing sell rate; source quote BRL per EUR inverted to BRL-to-EUR
2018-04-01,BRL,USD,0.2934707,Banco Central do Brasil PTAX monthly average closing sell rate; source quote BRL per USD inverted to BRL-to-USD
2018-04-01,BRL,EUR,0.23917995,Banco Central do Brasil PTAX monthly average closing sell rate; source quote BRL per EUR inverted to BRL-to-EUR
2018-05-01,BRL,USD,0.27502318,Banco Central do Brasil PTAX monthly average closing sell rate; source quote BRL per USD inverted to BRL-to-USD
2018-05-01,BRL,EUR,0.23283429,Banco Central do Brasil PTAX monthly average closing sell rate; source quote BRL per EUR inverted to BRL-to-EUR
2018-06-01,BRL,USD,0.26502904,Banco Central do Brasil PTAX monthly average closing sell rate; source quote BRL per USD inverted to BRL-to-USD
2018-06-01,BRL,EUR,0.22689531,Banco Central do Brasil PTAX monthly average closing sell rate; source quote BRL per EUR inverted to BRL-to-EUR
2018-07-01,BRL,USD,0.26118092,Banco Central do Brasil PTAX monthly average closing sell rate; source quote BRL per USD inverted to BRL-to-USD
2018-07-01,BRL,EUR,0.22354725,Banco Central do Brasil PTAX monthly average closing sell rate; source quote BRL per EUR inverted to BRL-to-EUR
2018-08-01,BRL,USD,0.25446869,Banco Central do Brasil PTAX monthly average closing sell rate; source quote BRL per USD inverted to BRL-to-USD
2018-08-01,BRL,EUR,0.2203369,Banco Central do Brasil PTAX monthly average closing sell rate; source quote BRL per EUR inverted to BRL-to-EUR
